"First_Name","Last_Name","Age","Gender","City"
"Arjun","Chopra",23,"Female","Ahmedabad"
"Arjun","Mehta",47,"Female","Bangalore"
"Kavya","Sinha",48,"Male","Ahmedabad"
"Aditi","Kumar",46,"Female","Hyderabad"
"Ishita","Chopra",34,"Female","Chennai"
"Rohan","Malhotra",54,"Male","Pune"
"Diya","Kumar",37,"Female","Lucknow"
"Ishita","Mehta",52,"Female","Ahmedabad"
"Vikram","Gupta",42,"Male","Chennai"
"Kavya","Singh",50,"Female","Lucknow"
"Rohan","Verma",19,"Male","Jaipur"
"Arjun","Mehta",21,"Male","Hyderabad"
"Vikram","Chopra",27,"Female","Bangalore"
"Vikram","Sinha",50,"Female","Chennai"
"Vikram","Verma",22,"Male","Jaipur"
"Arjun","Mehta",42,"Female","Jaipur"
"Sanya","Reddy",25,"Male","Chennai"
"Kavya","Singh",42,"Male","Chennai"
"Aryan","Malhotra",38,"Male","Hyderabad"
"Kavya","Gupta",35,"Female","Kolkata"
"Vikram","Mehta",59,"Female","Mumbai"
"Arjun","Gupta",48,"Male","Ahmedabad"
"Diya","Patel",23,"Male","Pune"
"Aarav","Malhotra",24,"Male","Kolkata"
"Aryan","Gupta",58,"Male","Hyderabad"
"Rohan","Verma",34,"Female","Bangalore"
"Kavya","Malhotra",45,"Male","Ahmedabad"
"Aryan","Chopra",57,"Female","Lucknow"
"Vikram","Gupta",24,"Female","Kolkata"
"Vikram","Malhotra",37,"Female","Pune"
"Kavya","Singh",35,"Female","Chennai"
"Aryan","Gupta",46,"Male","Jaipur"
"Rohan","Gupta",34,"Female","Bangalore"
"Aryan","Chopra",50,"Female","Lucknow"
"Rohan","Patel",19,"Male","Pune"
"Ishita","Sinha",19,"Female","Delhi"
"Vikram","Gupta",30,"Female","Jaipur"
"Aditi","Verma",41,"Male","Hyderabad"
"Rohan","Mehta",20,"Female","Chennai"
"Sanya","Malhotra",35,"Male","Hyderabad"
"Aditi","Kumar",19,"Female","Delhi"
"Aarav","Reddy",54,"Female","Delhi"
"Vikram","Chopra",29,"Female","Ahmedabad"
"Vikram","Verma",30,"Female","Ahmedabad"
"Ishita","Malhotra",59,"Male","Kolkata"
"Rohan","Sinha",23,"Male","Jaipur"
"Vikram","Gupta",59,"Male","Pune"
"Kavya","Kumar",59,"Female","Bangalore"
"Diya","Mehta",55,"Female","Pune"
"Ishita","Patel",33,"Female","Ahmedabad"
"Sanya","Malhotra",52,"Female","Lucknow"
"Ishita","Malhotra",53,"Male","Kolkata"
"Ishita","Sinha",44,"Male","Mumbai"
"Aryan","Verma",44,"Male","Pune"
"Aarav","Malhotra",52,"Male","Hyderabad"
"Ishita","Reddy",40,"Female","Ahmedabad"
"Aditi","Kumar",20,"Male","Chennai"
"Aarav","Verma",48,"Female","Hyderabad"
"Aditi","Mehta",19,"Male","Mumbai"
"Diya","Mehta",40,"Female","Bangalore"
"Rohan","Sinha",20,"Male","Chennai"
"Ishita","Sinha",26,"Female","Mumbai"
"Arjun","Malhotra",56,"Female","Kolkata"
"Vikram","Chopra",47,"Female","Chennai"
"Diya","Mehta",48,"Male","Delhi"
"Ishita","Sinha",47,"Female","Pune"
"Vikram","Patel",26,"Female","Bangalore"
"Vikram","Verma",53,"Female","Lucknow"
"Aryan","Singh",51,"Female","Bangalore"
"Arjun","Sinha",39,"Male","Mumbai"
"Sanya","Kumar",58,"Female","Pune"
"Vikram","Chopra",45,"Male","Hyderabad"
"Arjun","Verma",46,"Female","Chennai"
"Aryan","Gupta",60,"Male","Kolkata"
"Arjun","Sinha",56,"Male","Pune"
"Aryan","Mehta",54,"Male","Bangalore"
"Ishita","Verma",60,"Male","Delhi"
"Kavya","Mehta",50,"Female","Ahmedabad"
"Rohan","Sinha",36,"Female","Chennai"
"Rohan","Gupta",29,"Female","Hyderabad"
"Sanya","Malhotra",51,"Male","Lucknow"
"Arjun","Verma",38,"Male","Pune"
"Kavya","Verma",34,"Female","Hyderabad"
"Aditi","Verma",29,"Female","Mumbai"
"Kavya","Kumar",47,"Female","Hyderabad"
"Aditi","Mehta",52,"Female","Ahmedabad"
"Kavya","Chopra",47,"Male","Bangalore"
"Ishita","Patel",42,"Male","Delhi"
"Diya","Sinha",20,"Male","Bangalore"
"Aarav","Sinha",35,"Female","Mumbai"
"Ishita","Patel",49,"Female","Delhi"
"Arjun","Sinha",34,"Female","Delhi"
"Sanya","Patel",55,"Male","Ahmedabad"
"Arjun","Sinha",59,"Male","Lucknow"
"Sanya","Kumar",57,"Female","Chennai"
"Aarav","Mehta",59,"Female","Jaipur"
"Aryan","Kumar",49,"Male","Pune"
"Aryan","Sinha",43,"Female","Ahmedabad"
"Aryan","Verma",30,"Male","Bangalore"
"Kavya","Gupta",37,"Female","Hyderabad"
